Method,Life_years,Damage_per_block,Eq_range_MPa,Cycles_per_block
DNV-RP-C203 (continuous lock-in),0.004599796996040917,0.00467662074709721,113.76872834598865,529.5
"DNV-RP-C203 (design, 15% occurrence)",0.03066531330693945,0.0007014931120645814,113.76872834598865,529.5
Basquin (design),2759.791166145835,7.79461371135632e-09,113.76872834598865,529.5
