index,lyapunov_exponent
1,0.9151645214406104
2,0.0012632089212046799
3,-0.012812191519222154
4,-0.06400557730199535
5,-0.27900455157272774
6,-6.936969590023668
7,-14.576014816889252
